City_ID,City,Cloudiness,Country,Date,Humidity,Lat,Lng,Max Temp,Wind Speed
0,hilo,1,US,6/13/18 5:56 PM,73,19.71,-155.08,75.2,15.68
1,broome,0,GB,6/13/18 6:20 PM,63,52.47,1.45,69.8,13.87
2,mataura,12,NZ,6/13/18 6:51 PM,83,-46.19,168.86,25.63,3.49
3,busselton,76,AU,6/13/18 6:51 PM,100,-33.64,115.35,60.1,7.52
4,le vauclin,75,MQ,6/13/18 6:30 PM,62,14.55,-60.84,86,20.8
5,peniche,20,PT,6/13/18 6:30 PM,72,39.36,-9.38,64.4,19.46
6,ilulissat,75,GL,6/13/18 5:50 PM,80,69.22,-51.1,35.6,4.7
7,bambous virieux,75,MU,6/13/18 6:00 PM,69,-20.34,57.76,75.2,16.11
8,sawtell,0,AU,6/13/18 6:30 PM,100,-30.38,153.1,44.6,5.82
9,shiyan,44,CN,6/13/18 6:57 PM,89,32.65,110.78,69.37,1.7
10,hofn,90,IS,6/13/18 6:10 PM,93,64.25,-15.21,50,6.93
11,ushuaia,0,AR,6/13/18 6:00 PM,100,-54.81,-68.31,42.8,4.7
12,cape town,0,ZA,6/13/18 6:00 PM,30,-33.93,18.42,68,16.11
13,saint george,20,GR,6/13/18 5:50 PM,69,39.45,22.34,77,6.93
14,hobart,20,AU,6/13/18 6:30 PM,81,-42.88,147.33,42.8,5.82
15,sao joao da barra,0,BR,6/13/18 6:00 PM,51,-21.64,-41.05,86,9.17
16,mahebourg,75,MU,6/13/18 6:00 PM,69,-20.41,57.7,75.2,16.11
17,rikitea,12,PF,6/13/18 6:51 PM,100,-23.12,-134.97,71.98,10.2
18,albany,90,US,6/13/18 5:55 PM,73,42.65,-73.75,69.8,10.29
19,qasigiannguit,75,GL,6/13/18 5:50 PM,80,68.82,-51.19,35.6,4.7
20,norman wells,90,CA,6/13/18 6:00 PM,75,65.28,-126.83,44.6,6.93
21,hermanus,0,ZA,6/13/18 6:51 PM,28,-34.42,19.24,74.23,9.98
22,bethel,1,US,6/13/18 5:53 PM,62,60.79,-161.76,53.6,8.05
23,storforshei,0,NO,6/13/18 6:20 PM,57,66.4,14.52,50,4.7
24,sorland,20,NO,6/13/18 5:50 PM,100,67.67,12.69,48.2,4.7
25,bluff,64,AU,6/13/18 6:51 PM,86,-23.58,149.07,59.11,2.15
26,kitwe,0,ZM,6/13/18 6:58 PM,52,-12.81,28.21,60.01,6.62
27,avarua,40,CK,6/13/18 6:00 PM,60,-21.21,-159.78,73.4,9.17
28,port elizabeth,75,US,6/13/18 5:55 PM,69,39.31,-74.98,80.6,8.05
29,ponta do sol,44,BR,6/13/18 6:51 PM,58,-20.63,-46,80.71,4.27
30,butaritari,56,KI,6/13/18 6:51 PM,100,3.07,172.79,80.8,6.4
31,castro,0,CL,6/13/18 6:51 PM,84,-42.48,-73.76,46.42,3.71
32,kapaa,40,US,6/13/18 5:56 PM,78,22.08,-159.32,78.8,14.99
33,upernavik,92,GL,6/13/18 6:51 PM,100,72.79,-56.15,30.22,2.82
34,airai,80,TL,6/13/18 6:52 PM,95,-8.93,125.41,68.02,1.92
35,tuktoyaktuk,20,CA,6/13/18 6:00 PM,53,69.44,-133.03,51.8,9.17
36,verkhnyaya inta,64,RU,6/13/18 6:58 PM,55,65.99,60.32,54.79,6.4
37,naze,68,NG,6/13/18 6:52 PM,94,5.43,7.07,76.75,5.61
38,paamiut,88,GL,6/13/18 6:53 PM,100,61.99,-49.67,35.8,11.99
39,mednogorsk,48,RU,6/13/18 6:58 PM,41,51.41,57.59,57.13,5.73
40,kalmunai,24,LK,6/13/18 6:52 PM,77,7.42,81.82,80.71,6.62
41,east london,0,ZA,6/13/18 6:00 PM,34,-33.02,27.91,68,10.29
42,vestmannaeyjar,40,IS,6/13/18 6:25 PM,87,63.44,-20.27,48.2,8.05
43,barrow,92,AR,6/13/18 6:51 PM,75,-38.31,-60.23,48.4,9.75
44,marsh harbour,88,BS,6/13/18 6:52 PM,95,26.54,-77.06,82.87,8.63
45,alghero,40,IT,6/13/18 6:20 PM,73,40.56,8.32,69.8,13.87
46,abha,5,SA,6/13/18 6:00 PM,47,18.22,42.5,75.2,6.93
47,onega,68,RU,6/13/18 6:58 PM,90,63.91,38.09,44.26,10.98
48,nelson bay,0,AU,6/13/18 6:30 PM,93,-32.72,152.14,41,22.28
49,karratha,12,AU,6/13/18 6:53 PM,40,-20.74,116.85,59.38,13.78
50,carballo,20,ES,6/13/18 6:30 PM,77,43.21,-8.69,60.8,9.17
51,puerto ayora,75,EC,6/13/18 6:00 PM,57,-0.74,-90.35,80.6,19.46
52,torbay,90,CA,6/13/18 6:31 PM,93,47.66,-52.73,48.2,27.51
53,padang,8,ID,6/13/18 6:51 PM,100,-0.92,100.36,82.6,0.47
54,kodinsk,24,RU,6/13/18 6:58 PM,85,58.6,99.18,59.02,3.6
55,vila velha,20,BR,6/13/18 6:00 PM,62,-3.71,-38.6,86,17.22
56,chokurdakh,0,RU,6/13/18 6:52 PM,92,70.62,147.9,34.63,3.04
57,pevek,0,RU,6/13/18 6:52 PM,72,69.7,170.27,41.38,6.4
58,vanderhoof,68,CA,6/13/18 6:58 PM,71,54.02,-124.02,53.35,3.38
59,iqaluit,75,CA,6/13/18 6:00 PM,94,63.75,-68.52,35.6,14.99
60,kurilsk,92,RU,6/13/18 6:58 PM,99,45.23,147.88,43.63,10.76
61,yellowknife,75,CA,6/13/18 6:00 PM,81,62.45,-114.38,53.6,2.24
62,muros,20,ES,6/13/18 6:30 PM,77,42.77,-9.06,60.8,14.99
63,arraial do cabo,0,BR,6/13/18 6:00 PM,61,-22.97,-42.02,84.2,3.36
64,comodoro rivadavia,20,AR,6/13/18 6:00 PM,52,-45.87,-67.48,44.6,8.05
65,saint-philippe,90,CA,6/13/18 6:15 PM,60,45.36,-73.48,80.6,8.05
66,provideniya,0,RU,6/13/18 6:51 PM,92,64.42,-173.23,40.57,11.21
67,dawei,92,MM,6/13/18 6:58 PM,100,14.07,98.19,71.98,2.48
68,amahai,88,ID,6/13/18 6:58 PM,100,-3.31,129,78.82,6.85
69,neftekumsk,0,RU,6/13/18 6:58 PM,35,44.75,44.99,72.88,15.01
70,shimoda,36,JP,6/13/18 6:58 PM,100,34.7,138.93,69.91,3.15
71,bajil,0,ES,6/13/18 6:58 PM,26,38.23,-2.07,77.65,9.64
72,ribeira grande,75,PT,6/13/18 6:30 PM,88,38.52,-28.7,73.4,9.17
73,mar del plata,0,AR,6/13/18 6:51 PM,81,-46.43,-67.52,40.21,7.18
74,maceio,75,BR,6/13/18 6:00 PM,83,-9.67,-35.74,77,5.82
75,liverpool,20,GB,6/13/18 6:20 PM,63,53.41,-2.98,66.2,14.99
76,san patricio,0,PY,6/13/18 6:51 PM,64,-26.98,-56.83,54.7,4.94
77,biggar,20,GB,6/13/18 6:20 PM,82,55.62,-3.52,59,16.11
78,thompson,75,CA,6/13/18 6:00 PM,82,55.74,-97.86,59,4.7
79,maniitsoq,56,GL,6/13/18 6:58 PM,94,65.42,-52.9,36.43,6.17
80,coihaique,0,CL,6/13/18 6:00 PM,79,-45.58,-72.07,39.2,5.82
81,mildura,8,AU,6/13/18 6:58 PM,91,-34.18,142.16,44.98,11.21
82,port alfred,0,ZA,6/13/18 6:51 PM,57,-33.59,26.89,72.43,9.75
83,chadan,64,RU,6/13/18 6:58 PM,81,51.29,91.58,53.71,1.36
84,carnarvon,0,ZA,6/13/18 6:51 PM,40,-30.97,22.13,51.28,11.65
85,port blair,92,IN,6/13/18 6:52 PM,99,11.67,92.75,83.77,23.06
86,punta arenas,0,CL,6/13/18 6:00 PM,80,-53.16,-70.91,39.2,11.41
87,qaanaaq,0,GL,6/13/18 6:51 PM,94,77.48,-69.36,33.28,6.62
88,san quintin,90,PH,6/13/18 6:00 PM,88,17.54,120.52,78.8,11.41
89,panaba,56,MX,6/13/18 6:58 PM,76,21.28,-88.27,83.86,9.75
90,mount isa,75,AU,6/13/18 6:30 PM,100,-20.73,139.49,64.4,5.84
91,atuona,0,PF,6/13/18 6:51 PM,100,-9.8,-139.03,79.81,15.01
92,maragogi,92,BR,6/13/18 6:58 PM,84,-9.01,-35.22,79.45,11.21
93,pinega,92,RU,6/13/18 6:58 PM,79,64.7,43.39,40.03,9.86
94,brae,75,GB,6/13/18 6:20 PM,87,60.4,-1.35,51.8,16.11
95,narsaq,20,GL,6/13/18 5:50 PM,47,60.91,-46.05,55.4,13.87
96,samana,40,EC,6/13/18 6:00 PM,74,0.12,-76.97,82.4,2.24
97,grand gaube,75,MU,6/13/18 6:00 PM,69,-20.01,57.66,75.2,16.11
98,anadyr,0,RU,6/13/18 6:00 PM,44,64.73,177.51,59,4.47
99,katherine,12,AU,6/13/18 6:30 PM,82,-14.47,132.26,66.2,2.82
100,taoudenni,0,ML,6/13/18 6:58 PM,10,22.68,-3.98,106.09,12.1
101,port moresby,88,PG,6/13/18 6:52 PM,98,-9.47,147.16,77.38,20.49
102,dingle,68,PH,6/13/18 6:53 PM,85,11,122.67,78.28,6.96
103,jamame,36,SO,6/13/18 6:58 PM,79,0.07,42.75,77.47,10.98
104,georgetown,40,GY,6/13/18 6:00 PM,66,6.8,-58.16,86,16.11
105,marsa matruh,0,EG,6/13/18 6:00 PM,54,31.35,27.25,80.6,6.93
106,sulangan,76,PH,6/13/18 6:58 PM,100,11.14,123.72,85.3,16.13
107,vostok,24,RU,6/13/18 6:52 PM,89,46.45,135.83,40.21,2.37
108,colac,92,AU,6/13/18 6:58 PM,93,-38.34,143.59,48.22,8.86
109,ewo,0,CG,6/13/18 6:58 PM,75,-0.88,14.81,76.93,3.6
110,manicore,40,BR,6/13/18 6:00 PM,52,-5.81,-61.3,93.2,2.24
111,san cristobal,40,EC,6/13/18 6:00 PM,40,-0.39,-78.55,68,16.11
112,severo-kurilsk,92,RU,6/13/18 6:52 PM,100,50.68,156.12,37.96,15.68
113,sitka,36,US,6/13/18 6:52 PM,78,37.17,-99.65,80.89,15.12
114,mtambile,36,TZ,6/13/18 6:58 PM,99,-5.38,39.7,79.45,20.15
115,tilichiki,0,RU,6/13/18 6:52 PM,79,60.47,166.1,42.55,2.82
116,tiksi,100,RU,6/13/18 6:49 PM,86,71.64,128.87,48.13,3.49
117,ayan,0,TR,6/13/18 6:53 PM,42,40.67,33.6,61.72,1.92
118,morondava,0,MG,6/13/18 6:52 PM,85,-20.3,44.28,73.33,7.07
119,cherskiy,8,RU,6/13/18 6:52 PM,42,68.75,161.3,59.11,1.92
120,jamestown,80,AU,6/13/18 6:50 PM,95,-33.21,138.6,44.71,12.21
121,chinsali,0,ZM,6/13/18 6:58 PM,50,-10.55,32.07,63.16,8.86
122,goose creek,75,US,6/13/18 6:55 PM,69,38.32,-85.65,82.4,6.93
123,khatanga,0,RU,6/13/18 6:51 PM,68,71.98,102.47,58.48,6.62
124,marawi,12,PH,6/13/18 6:58 PM,99,8,124.29,64.15,2.26
125,ilyich,12,RU,6/13/18 6:58 PM,73,44.09,41.37,58.3,1.36
126,ambovombe,0,MG,6/13/18 6:58 PM,89,-25.18,46.09,69.46,15.79
127,faya,5,SA,6/13/18 6:00 PM,47,18.39,42.45,75.2,6.93
128,kaitangata,100,NZ,6/13/18 6:51 PM,94,-46.28,169.85,41.56,5.84
129,terney,0,RU,6/13/18 6:58 PM,96,45.05,136.61,44.53,5.95
130,warrnambool,92,AU,6/13/18 6:58 PM,100,-38.38,142.48,51.64,16.91
131,san juan de uraba,8,CO,6/13/18 6:58 PM,100,8.76,-76.53,83.05,8.19
132,bilibino,0,RU,6/13/18 6:52 PM,38,68.06,166.44,62.26,2.37
133,price,1,US,6/13/18 5:53 PM,8,39.6,-110.81,86,6.93
134,poso,48,ID,6/13/18 6:58 PM,100,-1.4,120.75,77.29,4.72
135,kodiak,1,US,6/13/18 5:53 PM,41,39.95,-94.76,78.8,9.17
136,sao miguel,76,BR,6/13/18 6:58 PM,98,4.52,-61.01,69.1,3.83
137,alyangula,0,AU,6/13/18 6:58 PM,100,-13.85,136.42,74.5,8.97
138,galle,20,US,6/13/18 6:02 PM,44,29.74,-97.91,93.2,9.17
139,bredasdorp,0,ZA,6/13/18 6:51 PM,58,-34.53,20.04,67.75,11.32
140,gallatin,75,US,6/13/18 6:30 PM,78,36.39,-86.45,80.6,6.93
141,port macquarie,0,AU,6/13/18 6:00 PM,100,-31.43,152.91,41,2.24
142,guerrero negro,0,MX,6/13/18 6:51 PM,62,27.97,-114.04,74.23,4.72
143,micheweni,44,TZ,6/13/18 6:52 PM,100,-4.97,39.83,79.72,20.27
144,high level,90,CA,6/13/18 6:00 PM,93,58.52,-117.13,42.8,2.24
145,hohhot,0,CN,6/13/18 6:00 PM,44,40.81,111.65,59,4.47
146,hithadhoo,12,MV,6/13/18 6:51 PM,100,-0.6,73.08,83.5,6.29
147,taltal,0,CL,6/13/18 6:58 PM,74,-25.41,-70.49,61.18,2.93
148,vaini,92,IN,6/13/18 6:51 PM,99,15.34,74.49,70.09,4.5
149,noumea,0,NC,6/13/18 6:30 PM,93,-22.28,166.46,60.8,9.19
150,victoria,75,BN,6/13/18 6:00 PM,94,5.28,115.24,80.6,1.12
151,mao,40,DO,6/13/18 6:00 PM,46,19.55,-71.08,93.2,19.46
152,wakkanai,92,JP,6/13/18 6:58 PM,100,45.41,141.67,45.7,19.26
153,vredendal,0,ZA,6/13/18 6:58 PM,32,-31.68,18.49,69.1,8.41
154,kaduna,56,NG,6/13/18 6:53 PM,93,10.52,7.44,73.33,0.36
155,morgan city,75,US,6/13/18 6:47 PM,74,29.7,-91.21,87.8,10.29
156,sisimiut,20,GL,6/13/18 6:58 PM,97,66.94,-53.67,34.54,2.15
157,saint anthony,1,US,6/13/18 5:56 PM,28,43.97,-111.68,75.2,5.82
158,souillac,75,FR,6/13/18 6:30 PM,68,45.6,-0.6,69.8,8.05
159,hualmay,8,PE,6/13/18 6:58 PM,75,-11.1,-77.61,69.28,6.29
160,vilyuysk,0,RU,6/13/18 6:58 PM,70,63.75,121.63,49.93,3.15
161,fukue,20,JP,6/13/18 6:00 PM,72,35.03,136.69,66.2,9.17
162,huarmey,0,PE,6/13/18 6:52 PM,48,-10.07,-78.15,76.48,4.83
163,bam,44,IR,6/13/18 6:58 PM,17,29.11,58.36,85.48,5.73
164,prescott,1,US,6/13/18 6:33 PM,6,34.54,-112.47,91.4,12.75
165,kavieng,92,PG,6/13/18 6:50 PM,100,-2.57,150.8,79.9,7.4
166,ola,90,RU,6/13/18 6:00 PM,100,59.58,151.3,42.8,6.96
167,vanimo,80,PG,6/13/18 6:52 PM,100,-2.67,141.3,80.26,4.5
168,toronto,20,CA,6/13/18 6:00 PM,73,43.65,-79.39,84.2,17.22
169,anupgarh,0,IN,6/13/18 6:58 PM,41,29.19,73.21,87.82,6.4
170,lavrentiya,12,RU,6/13/18 6:58 PM,76,65.58,-170.99,37.96,10.76
171,moron,40,VE,6/13/18 6:00 PM,66,10.49,-68.2,84.2,5.82
172,misratah,0,LY,6/13/18 6:55 PM,84,32.38,15.09,74.95,12.21
173,auce,80,LV,6/13/18 6:58 PM,59,56.47,22.9,64.6,6.4
174,bocas del toro,0,PA,6/13/18 6:58 PM,100,9.33,-82.25,82.69,5.95
175,cabo san lucas,90,MX,6/13/18 5:50 PM,66,22.89,-109.91,87.8,11.41
176,chikwawa,56,MW,6/13/18 6:58 PM,94,-16.03,34.79,63.97,3.6
177,santa fe,0,AR,6/13/18 6:53 PM,79,-31.62,-60.7,51.46,8.97
178,rakiv lis,20,UA,6/13/18 6:58 PM,65,51.62,24.92,69.1,3.94
179,lompoc,1,US,6/13/18 6:35 PM,30,34.64,-120.46,86,8.05
180,katsuura,0,JP,6/13/18 6:52 PM,95,33.93,134.5,59.47,6.17
181,tomatlan,100,MX,6/13/18 6:58 PM,100,19.93,-105.25,74.32,5.28
182,dayong,68,PH,6/13/18 6:58 PM,100,11.74,122.04,82.33,16.46
183,nishihara,90,JP,6/13/18 6:00 PM,77,35.74,139.53,68,2.37
184,mazyr,76,BY,6/13/18 6:58 PM,42,52.05,29.27,74.86,3.04
185,orlik,64,RU,6/13/18 6:51 PM,93,52.51,99.83,44.53,1.92
186,tuatapere,0,NZ,6/13/18 6:52 PM,100,-46.13,167.69,38.05,2.82
187,dikson,68,RU,6/13/18 6:51 PM,100,73.51,80.55,30.49,15.68
188,lebu,80,ET,6/13/18 6:52 PM,96,8.96,38.73,52.72,2.59
189,dalian,20,CN,6/13/18 6:00 PM,70,19.86,110.11,84.2,11.18
190,mayor pablo lagerenza,36,PY,6/13/18 6:58 PM,51,-19.93,-60.77,62.98,12.1
191,new norfolk,20,AU,6/13/18 6:30 PM,81,-42.78,147.06,42.8,5.82
192,salekhard,100,RU,6/13/18 6:58 PM,81,66.54,66.62,43.81,14.34
193,fort nelson,90,CA,6/13/18 6:00 PM,93,58.81,-122.69,41,2.24
194,boa vista,75,BR,6/13/18 7:00 PM,74,2.82,-60.67,86,6.93
195,moskovskiy,0,RU,6/13/18 6:00 PM,67,55.6,37.35,59,11.18
196,matay,0,EG,6/13/18 6:58 PM,39,28.42,30.79,84.04,3.6
197,mugur-aksy,68,RU,6/13/18 6:58 PM,96,50.38,90.44,44.98,1.59
198,hambantota,32,LK,6/13/18 6:53 PM,100,6.12,81.12,79,10.42
199,bandarbeyla,0,SO,6/13/18 6:52 PM,81,9.49,50.81,78.28,31.79
200,abu ghosh,0,IL,6/13/18 6:20 PM,73,31.81,35.11,77,3.36
201,the pas,20,CA,6/13/18 6:00 PM,42,53.82,-101.24,66.2,13.87
202,longyearbyen,90,NO,6/13/18 5:50 PM,80,78.22,15.63,33.8,18.34
203,chilca,75,PE,6/13/18 6:30 PM,44,-13.22,-72.34,57.2,11.41
204,nargana,12,PA,6/13/18 6:58 PM,100,9.44,-78.59,80.98,4.16
205,toppenish,75,US,6/13/18 6:27 PM,28,46.38,-120.31,73.4,19.46
206,itaperuna,12,BR,6/13/18 6:58 PM,62,-21.2,-41.89,82.6,3.94
207,saint-pierre,0,FR,6/13/18 6:30 PM,72,48.95,4.24,62.6,10.29
208,leningradskiy,0,RU,6/13/18 6:52 PM,93,69.38,178.42,33.73,19.82
209,nizhnevartovsk,40,RU,6/13/18 6:00 PM,81,60.93,76.58,53.6,11.18
210,lasa,20,CY,6/13/18 6:30 PM,83,34.92,32.53,77,5.82
211,merauke,0,ID,6/13/18 6:58 PM,94,-8.49,140.4,75.22,14.45
212,vila do maio,20,CV,6/13/18 6:00 PM,54,15.13,-23.22,80.6,16.11
213,buraydah,0,SA,6/13/18 6:00 PM,18,26.33,43.97,93.2,3.36
214,khuzhir,0,RU,6/13/18 6:58 PM,85,53.19,107.35,47.86,2.93
215,lodja,0,CD,6/13/18 6:58 PM,31,-3.52,23.6,82.51,4.72
216,paternion,75,AT,6/13/18 6:20 PM,93,46.71,13.64,62.6,3.36
217,saskylakh,92,RU,6/13/18 6:51 PM,90,71.97,114.09,54.79,4.94
218,luderitz,12,NA,6/13/18 6:51 PM,78,-26.65,15.16,59.29,15.68
219,touros,0,BR,6/13/18 6:51 PM,67,-5.2,-35.46,84.13,19.48
220,maraa,36,BR,6/13/18 6:58 PM,75,-1.83,-65.37,86.2,3.38
221,tasiilaq,90,GL,6/13/18 5:50 PM,69,65.61,-37.64,37.4,3.36
222,chino valley,1,US,6/13/18 6:35 PM,6,34.76,-112.45,91.4,12.75
223,sohag,0,EG,6/13/18 6:58 PM,29,26.55,31.7,82.78,5.06
224,uglegorsk,68,RU,6/13/18 6:58 PM,90,49.08,142.06,40.75,8.19
225,sur,0,OM,6/13/18 6:58 PM,87,22.57,59.53,87.91,7.74
226,zaykovo,92,RU,6/13/18 6:58 PM,96,57.56,62.76,54.16,8.52
227,san julian,40,SV,6/13/18 6:37 PM,74,13.7,-89.56,87.8,4.7
228,san jose,92,PH,6/13/18 6:57 PM,100,15.79,120.99,73.42,3.38
229,ventspils,0,LV,6/13/18 6:20 PM,62,57.39,21.56,59,6.93
230,esperance,40,TT,6/13/18 6:00 PM,83,10.24,-61.45,82.4,11.41
231,nikolskoye,0,RU,6/13/18 6:00 PM,50,59.7,30.79,57.2,4.47
232,nara,12,JP,6/13/18 6:00 PM,82,34.68,135.8,60.8,6.93
233,santa rosalia,20,IT,6/13/18 6:20 PM,78,38.07,13.27,73.4,18.34
234,cedar city,1,US,6/13/18 5:53 PM,8,37.68,-113.06,91.4,19.46
235,nurota,92,UZ,6/13/18 6:00 PM,31,40.56,65.69,78.8,13.87
236,aklavik,20,CA,6/13/18 6:00 PM,47,68.22,-135.01,55.4,8.05
237,portland,90,US,6/13/18 6:00 PM,63,45.52,-122.67,60.8,3.36
238,hervey bay,80,AU,6/13/18 6:48 PM,100,-25.3,152.85,64.69,11.21
239,dakar,0,SN,6/13/18 6:00 PM,69,14.69,-17.45,82.4,6.93
240,mount gambier,92,AU,6/13/18 6:52 PM,84,-37.83,140.78,49.39,6.4
241,jingdezhen,88,CN,6/13/18 6:58 PM,87,29.29,117.2,71.08,2.71
242,xuddur,0,SO,6/13/18 6:58 PM,54,4.12,43.89,78.28,15.01
243,los andes,0,CL,6/13/18 7:00 PM,34,-32.83,-70.6,53.6,4.7
244,pachora,32,IN,6/13/18 6:58 PM,64,20.66,75.35,80.53,12.77
245,blagoyevo,92,RU,6/13/18 6:58 PM,79,63.37,47.92,45.61,8.08
246,camalu,0,MX,6/13/18 6:58 PM,41,30.85,-116.07,81.34,3.83
247,bulolo,56,PG,6/13/18 6:58 PM,99,-7.2,146.64,61.99,0.13
248,college,90,US,6/13/18 5:58 PM,66,64.86,-147.8,55.4,4.38
249,houma,0,CN,6/13/18 6:52 PM,68,35.63,111.36,58.3,2.37
250,calama,0,CL,6/13/18 6:00 PM,8,-22.46,-68.93,66.2,24.16
251,mastic beach,90,US,6/13/18 6:38 PM,94,40.77,-72.85,68,11.41
252,santa helena,20,BR,6/13/18 6:58 PM,65,-2.23,-45.3,88.36,8.75
253,gazli,64,UZ,6/13/18 6:58 PM,35,40.13,63.45,80.98,12.55
254,sola,75,FI,6/13/18 6:20 PM,66,62.78,29.36,51.8,1.12
255,te anau,0,NZ,6/13/18 6:52 PM,83,-45.41,167.72,24.28,2.82
256,troitskoye,0,RU,6/13/18 6:58 PM,71,52.98,84.68,62.08,4.38
257,saint-leu,0,RE,6/13/18 6:30 PM,68,-21.15,55.28,71.6,9.17
258,tura,68,IN,6/13/18 6:58 PM,95,25.52,90.21,75.31,3.38
259,sorong,88,ID,6/13/18 6:51 PM,100,-0.86,131.25,77.11,6.51
260,ponta delgada,75,PT,6/13/18 6:30 PM,94,37.73,-25.67,69.8,14.99
261,port hardy,75,CA,6/13/18 6:00 PM,87,50.7,-127.42,53.6,3.36
262,cherrapunji,92,IN,6/13/18 6:59 PM,99,25.28,91.72,70.27,2.26
263,nioro,0,GM,6/13/18 6:59 PM,46,13.79,-15.05,97.18,5.17
264,praia,40,BR,6/13/18 6:00 PM,35,-20.25,-43.81,84.2,8.05
265,hasaki,75,JP,6/13/18 6:00 PM,100,35.73,140.83,64.4,1.12
266,hobyo,24,SO,6/13/18 6:51 PM,68,5.35,48.53,79.45,22.84
267,kuryk,0,KZ,6/13/18 6:59 PM,49,43.18,51.68,69.91,5.39
268,sungaipenuh,20,ID,6/13/18 6:59 PM,95,-2.08,101.38,64.87,1.25
269,bereda,20,ES,6/13/18 6:30 PM,77,43.27,-7.54,60.8,9.17
270,beeville,75,US,6/13/18 6:15 PM,46,28.4,-97.75,95,9.17
271,namibe,0,AO,6/13/18 6:52 PM,95,-15.19,12.15,72.34,15.68
272,los llanos de aridane,75,ES,6/13/18 6:30 PM,68,28.66,-17.92,69.8,17.22
273,saint-augustin,0,FR,6/13/18 6:30 PM,72,44.83,-0.61,68,11.41
274,huadian,80,CN,6/13/18 6:59 PM,94,42.97,126.75,59.47,2.37
275,linxia,32,CN,6/13/18 6:54 PM,74,35.6,103.21,46.96,2.26
276,grindavik,75,IS,6/13/18 6:30 PM,76,63.84,-22.43,50,9.17
277,emerald,76,AU,6/13/18 6:59 PM,96,-23.53,148.16,59.74,4.38
278,varna,0,BG,6/13/18 6:30 PM,77,43.22,27.9,69.8,9.17
279,sabinopolis,12,BR,6/13/18 6:59 PM,71,-18.67,-43.08,76.66,2.93
280,klaksvik,92,FO,6/13/18 6:20 PM,100,62.23,-6.59,48.2,29.97
281,mizdah,76,LY,6/13/18 6:59 PM,18,31.45,12.98,95.56,4.61
282,pangai,20,TO,6/13/18 6:00 PM,94,-19.8,-174.35,75.2,6.93
283,buarcos,20,PT,6/13/18 6:00 PM,82,40.16,-8.88,62.6,19.46
284,alofi,100,NU,6/13/18 6:00 PM,100,-19.06,-169.92,68,2.24
285,pavlogradka,36,RU,6/13/18 6:59 PM,39,54.2,73.56,61.18,8.86
286,coquimbo,0,CL,6/13/18 6:00 PM,62,-29.95,-71.34,55.4,11.41
287,port arthur,1,US,6/13/18 6:35 PM,59,29.9,-93.93,93.2,8.05
288,tambovka,20,UA,6/13/18 6:59 PM,35,46.93,35.45,78.19,7.63
289,rio grande,75,BR,6/13/18 6:00 PM,62,-32.03,-52.1,53.6,18.34
290,taft,92,PH,6/13/18 6:59 PM,100,11.9,125.42,77.2,5.73
291,sao felix do xingu,0,BR,6/13/18 6:59 PM,36,-6.64,-51.99,93.31,3.94
292,talnakh,12,RU,6/13/18 6:52 PM,100,69.49,88.39,41.38,2.71
293,olga,1,US,6/13/18 6:00 PM,50,34.11,-118.17,95,5.82
294,port-cartier,40,CA,6/13/18 6:00 PM,38,50.03,-66.88,60.8,12.75
295,cidreira,0,BR,6/13/18 6:51 PM,77,-30.17,-50.22,53.98,24.85
296,angoche,0,MZ,6/13/18 6:52 PM,100,-16.23,39.91,78.55,10.09
297,porciuncula,12,BR,6/13/18 6:59 PM,62,-20.96,-42.04,82.6,3.94
298,tynda,20,RU,6/13/18 6:59 PM,81,55.15,124.74,45.79,3.71
299,usoke,0,TZ,6/13/18 6:59 PM,72,-5.09,32.32,64.96,1.59
300,altay,88,CN,6/13/18 6:59 PM,73,47.83,88.13,49.84,2.04
301,gizo,0,IL,6/13/18 6:20 PM,73,31.8,34.94,77,3.36
302,nome,40,US,6/13/18 6:15 PM,49,30.04,-94.42,93.2,8.75
303,esso,24,RU,6/13/18 6:59 PM,93,55.93,158.7,31.93,1.7
304,conde,0,BR,6/13/18 6:59 PM,78,-11.81,-37.61,80.35,9.98
305,kailua,75,US,6/13/18 5:57 PM,78,21.39,-157.74,80.6,8.05
306,gat,0,SN,6/13/18 6:00 PM,30,14.69,-16.54,98.6,6.93
307,saratoga springs,75,US,6/13/18 6:51 PM,64,43.08,-73.79,75.2,10.29
308,uyskoye,88,RU,6/13/18 6:59 PM,53,54.37,60.01,57.94,8.75
309,iskandar,20,IR,6/13/18 6:30 PM,49,38.02,46.58,68,13.87
310,paita,0,PE,6/13/18 6:00 PM,65,-5.09,-81.11,77,16.11
311,zhigansk,0,RU,6/13/18 6:51 PM,75,66.77,123.37,52.81,2.71
312,mwanza,20,TZ,6/13/18 6:00 PM,83,-2.52,32.9,69.8,5.82
313,zheleznodorozhnyy,0,RU,6/13/18 6:00 PM,67,55.75,38,59,8.95
314,chuy,80,UY,6/13/18 6:50 PM,83,-33.69,-53.46,53.71,27.98
315,flinders,32,AU,6/13/18 6:59 PM,83,-34.58,150.85,50.56,7.63
316,roald,0,NO,6/13/18 6:20 PM,81,62.58,6.12,57.2,4.7
317,panguna,24,PG,6/13/18 6:53 PM,92,-6.32,155.48,71.08,2.59
318,atikokan,0,CA,6/13/18 6:59 PM,38,48.76,-91.62,73.87,9.08
319,bunia,0,CD,6/13/18 6:59 PM,81,1.56,30.25,65.05,4.27
320,eisenerz,76,AT,6/13/18 5:50 PM,93,47.54,14.89,59,1.12
321,tocopilla,24,CL,6/13/18 6:59 PM,89,-22.09,-70.2,63.61,3.83
322,vao,8,EE,6/13/18 6:53 PM,49,59.1,26.19,59.02,3.6
323,enugu,56,NG,6/13/18 6:59 PM,90,6.45,7.5,79.09,7.96
324,waipawa,32,NZ,6/13/18 6:59 PM,92,-39.94,176.59,50.11,8.86
325,markova,0,RU,6/13/18 6:30 PM,77,52.21,104.21,59,8.95
326,vila franca do campo,75,PT,6/13/18 6:30 PM,94,37.72,-25.43,69.8,14.99
327,nova granada,40,BR,6/13/18 6:00 PM,51,-20.53,-49.32,82.4,3.36
328,vigeland,20,NO,6/13/18 6:20 PM,55,58.46,8.52,66.2,5.82
329,yerbogachen,20,RU,6/13/18 6:52 PM,50,61.28,108.01,59.83,5.95
330,vanino,64,RU,6/13/18 6:59 PM,51,53.93,40.55,69.28,7.63
331,hamilton,40,BM,6/13/18 5:55 PM,69,32.3,-64.78,77,10.29
332,ahipara,92,NZ,6/13/18 6:59 PM,92,-35.17,173.16,56.5,9.75
333,kijang,20,KR,6/13/18 6:00 PM,82,35.24,129.21,64.4,8.05
334,durant,1,US,6/13/18 6:15 PM,46,33.99,-96.37,91.4,9.17
335,gari,88,RU,6/13/18 6:52 PM,91,59.43,62.35,54.43,6.51
336,najran,75,SA,6/13/18 6:00 PM,14,17.54,44.22,95,4.7
337,trincomalee,24,LK,6/13/18 6:59 PM,78,8.58,81.23,80.53,17.69
338,aswan,0,EG,6/13/18 6:59 PM,18,24.09,32.9,91.51,9.75
339,lumeje,0,AO,6/13/18 6:59 PM,36,-11.56,20.78,67.3,6.73
340,xiaolan,75,CN,6/13/18 6:00 PM,88,22.67,113.23,77,6.71
341,babu,92,CN,6/13/18 6:59 PM,82,23.23,104.89,69.91,1.92
342,samdrup jongkhar,92,IN,6/13/18 6:59 PM,100,26.8,91.5,65.86,1.59
343,borogontsy,0,RU,6/13/18 6:59 PM,67,62.67,131.17,49.21,3.15
344,saint-georges,8,CA,6/13/18 6:59 PM,54,46.12,-70.67,77.29,4.16
345,baglung,92,NP,6/13/18 6:59 PM,100,28.27,83.59,58.3,1.36
346,pavlodar,90,KZ,6/13/18 6:30 PM,87,52.28,76.96,55.4,2.24
347,dillon,1,US,6/13/18 6:53 PM,27,45.22,-112.64,75.2,3.36
348,vera cruz,75,BR,6/13/18 6:00 PM,83,-22.22,-49.82,75.2,9.17
349,yangjiang,88,CN,6/13/18 6:59 PM,100,21.85,111.96,83.86,11.88
350,gold coast,40,AU,6/13/18 6:30 PM,67,-28,153.41,62.6,5.82
351,dogondoutchi,0,NE,6/13/18 6:59 PM,53,13.64,4.03,93.31,5.39
352,navalmoral de la mata,0,ES,6/13/18 6:59 PM,32,39.89,-5.54,79.9,5.73
353,shelburne,40,CA,6/13/18 6:00 PM,54,44.08,-80.2,84.2,16.11
354,kawalu,92,ID,6/13/18 6:59 PM,100,-7.38,108.21,66.94,2.15
355,kushiro,68,JP,6/13/18 6:59 PM,89,43.11,144.15,42.28,8.97
356,vardo,20,US,6/13/18 6:15 PM,65,39.62,-77.74,82.4,8.05
357,saint-joseph,0,FR,6/13/18 6:30 PM,68,43.56,6.97,71.6,3.36
358,quatre cocos,75,MU,6/13/18 6:00 PM,69,-20.21,57.76,75.2,16.11
359,belmonte,0,PT,6/13/18 6:59 PM,66,40.36,-7.35,72.25,4.72
360,bougouni,48,ML,6/13/18 6:59 PM,46,11.42,-7.49,92.5,8.75
361,lima,0,PE,6/13/18 6:59 PM,69,-12.06,-77.04,68.11,2.71
362,komsomolskiy,0,RU,6/13/18 6:52 PM,84,67.55,63.78,34,3.6
363,greenwood,0,US,6/13/18 6:15 PM,34,32.03,-101.9,93.2,11.41
364,moose factory,90,CA,6/13/18 6:00 PM,62,51.26,-80.61,57.2,9.17
365,boende,8,CD,6/13/18 6:59 PM,44,-0.28,20.88,84.49,2.82
366,yar-sale,76,RU,6/13/18 6:59 PM,79,66.83,70.83,39.4,8.52
367,ust-maya,64,RU,6/13/18 6:59 PM,65,60.42,134.54,48.4,5.17
368,kuytun,0,RU,6/13/18 6:59 PM,83,54.34,101.51,58.57,3.15
369,mecca,0,SA,6/13/18 6:00 PM,17,21.43,39.83,100.4,2.24
370,barabai,20,ID,6/13/18 6:59 PM,94,-2.59,115.38,74.68,1.81
371,rockland,88,US,6/13/18 6:35 PM,78,42.13,-70.92,75.2,14.99
372,great yarmouth,0,GB,6/13/18 6:20 PM,63,52.61,1.73,66.2,13.87
373,utiel,20,ES,6/13/18 6:30 PM,41,39.57,-1.21,77,9.17
374,rivadavia,0,AR,6/13/18 6:59 PM,45,-31.53,-68.59,44.26,3.83
375,mikhaylov,32,RU,6/13/18 6:59 PM,64,54.23,39.03,65.05,4.94
376,tomaszow lubelski,36,PL,6/13/18 6:59 PM,74,50.45,23.42,67.75,6.4
377,esil,24,KZ,6/13/18 6:59 PM,74,51.96,66.41,49.48,2.93
378,lakselv,0,NO,6/13/18 6:20 PM,45,70.05,24.96,48.2,4.7
379,miroslava,0,RO,6/13/18 6:30 PM,50,47.15,27.53,78.8,6.93
380,karasuk,88,RU,6/13/18 6:59 PM,70,53.73,78.03,58.66,5.39
381,mumford,8,GH,6/13/18 6:52 PM,82,5.26,-0.76,81.43,11.43
382,kushima,64,JP,6/13/18 6:59 PM,100,31.5,131.29,67.66,4.38
383,singaraja,20,ID,6/13/18 6:58 PM,100,-8.11,115.08,64.06,1.7
384,isangel,88,VU,6/13/18 6:52 PM,100,-19.55,169.27,74.77,15.01
385,sangar,44,RU,6/13/18 6:53 PM,74,63.92,127.47,50.02,2.59
386,yahualica,92,MX,6/13/18 6:59 PM,100,20.95,-98.38,70.45,3.49
387,porto-vecchio,20,FR,6/13/18 6:30 PM,82,41.59,9.28,69.8,2.24
388,mysliborz,76,PL,6/13/18 6:59 PM,62,52.92,14.87,65.23,8.75
389,uzhur,0,RU,6/13/18 6:59 PM,89,55.32,89.85,59.38,2.48
390,kaduqli,76,SD,6/13/18 6:59 PM,91,11.01,29.72,73.15,9.75
391,churapcha,0,RU,6/13/18 6:59 PM,82,62,132.43,45.07,2.82
392,freeport,75,BS,6/13/18 6:00 PM,79,26.54,-78.7,86,2.24
393,mezen,92,RU,6/13/18 6:59 PM,99,65.85,44.24,37.06,11.65
394,burnie,92,AU,6/13/18 6:49 PM,100,-41.05,145.91,52.45,19.04
395,la paz,75,MX,6/13/18 5:40 PM,36,24.15,-110.32,91.4,12.75
396,temryuk,0,RU,6/13/18 6:30 PM,77,45.28,37.39,64.4,4.47
397,muroto,56,JP,6/13/18 6:59 PM,100,33.37,134.14,62.8,10.42
398,piacabucu,88,BR,6/13/18 6:59 PM,58,-10.41,-36.43,82.51,13.78
399,kirakira,88,SB,6/13/18 6:53 PM,100,-10.46,161.92,78.28,6.62
400,lizzano,20,IT,6/13/18 6:20 PM,73,40.39,17.45,80.6,6.93
401,verkhnevilyuysk,0,RU,6/13/18 6:59 PM,62,63.45,120.31,51.19,5.17
402,kati,20,ML,6/13/18 6:30 PM,44,12.75,-8.07,95,5.82
403,geraldton,90,CA,6/13/18 6:00 PM,49,49.72,-86.95,68,13.87
404,udimskiy,48,RU,6/13/18 6:59 PM,68,61.14,45.92,50.2,15.01
405,moerai,92,PF,6/13/18 6:59 PM,100,-22.43,-151.33,71.62,21.83
406,yeppoon,90,AU,6/13/18 6:30 PM,82,-23.13,150.74,64.4,3.15
407,prieska,0,ZA,6/13/18 6:52 PM,40,-29.67,22.74,51.46,7.18
408,soe,100,EE,6/13/18 5:50 PM,45,57.91,26.05,62.6,8.05
409,ostrovnoy,88,RU,6/13/18 6:51 PM,85,68.05,39.51,35.26,15.79
410,shostka,0,UA,6/13/18 6:59 PM,63,51.86,33.47,68.83,3.04
411,nanortalik,76,GL,6/13/18 6:52 PM,100,60.14,-45.24,34.81,6.85
412,pangoa,88,PE,6/13/18 6:59 PM,75,-12.12,-73,72.79,1.92
413,paungde,80,MM,6/13/18 6:59 PM,94,18.49,95.51,77.02,9.53
414,banjar,20,ID,6/13/18 6:51 PM,96,-7.37,108.54,67.48,2.71
415,ballina,90,IE,6/13/18 6:00 PM,100,54.11,-9.15,57.2,25.28
416,flin flon,75,CA,6/13/18 6:00 PM,59,54.77,-101.88,60.8,6.93
417,magistralnyy,0,RU,6/13/18 6:59 PM,72,56.17,107.45,50.65,3.94
418,hangu,0,PK,6/13/18 6:59 PM,80,33.53,71.06,65.05,1.92
419,balaipungut,92,ID,6/13/18 6:59 PM,72,1.11,101.31,82.06,4.16
420,kysyl-syr,0,RU,6/13/18 6:52 PM,79,63.9,122.77,49.39,2.26
421,nioki,0,CD,6/13/18 6:59 PM,41,-2.72,17.69,85.66,4.16
422,abu road,0,IN,6/13/18 6:59 PM,39,24.48,72.78,90.88,12.66
423,pisco,20,PE,6/13/18 6:00 PM,68,-13.71,-76.2,68,14.99
424,xocali,24,AZ,6/13/18 6:59 PM,76,39.91,46.79,62.8,3.6
425,atkinson,1,US,6/13/18 6:35 PM,36,41.42,-90.02,80.6,12.75
426,palu,64,ID,6/13/18 6:59 PM,96,-0.9,119.87,66.13,1.36
427,nova londrina,80,BR,6/13/18 6:59 PM,81,-22.76,-52.99,66.22,11.43
428,coruripe,12,BR,6/13/18 6:59 PM,90,-10.12,-36.18,80.8,14.67
429,buta,32,CD,6/13/18 6:59 PM,75,2.79,24.73,80.08,3.38
430,nouakchott,64,MR,6/13/18 6:59 PM,84,18.08,-15.98,74.05,9.86
431,tahe,92,CN,6/13/18 6:53 PM,99,52.34,124.71,51.37,4.05
432,carolina,20,PR,6/13/18 5:56 PM,66,18.38,-65.96,87.8,24.16
433,sayyan,76,YE,6/13/18 6:59 PM,28,15.17,44.32,68.83,2.15
434,benghazi,0,LY,6/13/18 5:45 PM,69,32.12,20.07,77,32.21
435,honiara,56,SB,6/13/18 6:52 PM,100,-9.43,159.96,71.8,2.15
436,cairns,20,AU,6/13/18 6:30 PM,100,-16.92,145.77,59,7.18
437,mitu,0,IR,6/13/18 6:59 PM,69,36.2,46.09,55.96,1.59
438,cabo rojo,40,PR,6/13/18 5:50 PM,70,18.09,-67.15,86,17.22
439,eirunepe,20,BR,6/13/18 6:59 PM,57,-6.66,-69.87,88.54,2.71
440,gravdal,20,NO,6/13/18 6:20 PM,76,59.79,5.78,53.6,5.82
441,bereznik,56,RU,6/13/18 6:59 PM,65,62.86,42.71,46.24,10.42
442,santo tomas,92,PH,6/13/18 6:59 PM,98,15.88,120.59,74.05,2.37
443,bathsheba,75,BB,6/13/18 6:00 PM,74,13.22,-59.52,84.2,23.04
444,pokhara,92,NP,6/13/18 6:55 PM,91,28.21,83.99,58.93,2.71
445,mareeba,20,AU,6/13/18 6:30 PM,100,-16.99,145.42,59,3.6
446,kazerun,0,IR,6/13/18 6:58 PM,21,29.62,51.65,75.31,3.6
447,acapulco,75,MX,6/13/18 5:46 PM,70,16.86,-99.88,86,6.93
448,evanston,40,US,6/13/18 6:45 PM,47,42.04,-87.69,80.6,11.41
449,vigrestad,20,NO,6/13/18 6:20 PM,76,58.57,5.7,53.6,9.17
450,bahia blanca,48,AR,6/13/18 6:54 PM,83,-38.72,-62.27,50.11,15.01
451,road town,75,VG,6/13/18 6:00 PM,66,18.42,-64.62,87.8,9.17
452,varnavino,76,RU,6/13/18 6:59 PM,71,61.19,46.56,50.74,13.11
453,emba,20,CY,6/13/18 6:30 PM,83,34.81,32.42,77,5.82
454,camacha,75,PT,6/13/18 6:30 PM,68,33.08,-16.33,66.2,12.75
455,otaru,88,JP,6/13/18 6:59 PM,100,43.18,140.99,46.33,11.99
456,clifton springs,90,US,6/13/18 6:55 PM,83,42.96,-77.14,82.4,10.29
457,beringovskiy,0,RU,6/13/18 6:52 PM,87,63.05,179.32,42.46,3.49
458,ginda,64,IN,6/13/18 6:59 PM,86,30.69,78.49,58.75,1.36
459,puerto rico,0,PY,6/13/18 6:59 PM,60,-26.82,-55.03,56.23,3.38
460,clyde river,20,CA,6/13/18 6:00 PM,93,70.47,-68.59,35.6,31.09
461,rijeka,20,HR,6/13/18 6:30 PM,60,45.33,14.44,75.2,6.93
462,maldonado,40,UY,6/13/18 6:38 PM,71,-34.91,-54.96,53.6,20.8
463,polis,20,CY,6/13/18 6:30 PM,83,35.04,32.42,77,5.82
464,faanui,32,PF,6/13/18 6:52 PM,100,-16.48,-151.75,80.44,12.44
465,thabazimbi,0,ZA,6/13/18 6:59 PM,85,-24.59,27.41,44.71,2.37
466,ambilobe,36,MG,6/13/18 6:59 PM,54,-13.19,49.05,76.84,14.9
467,constitucion,75,MX,6/13/18 5:46 PM,53,23.99,-104.67,71.6,2.24
468,baykit,24,RU,6/13/18 6:51 PM,69,61.68,96.39,61.9,4.72
469,priiskovyy,0,RU,6/13/18 6:59 PM,82,51.93,116.63,44.8,2.82
470,yelatma,92,RU,6/13/18 6:59 PM,70,54.97,41.75,62.98,7.18
471,rorvik,20,NO,6/13/18 6:20 PM,62,64.86,11.24,55.4,5.82
472,bonthe,100,SL,6/13/18 6:59 PM,80,7.53,-12.5,83.05,5.95
473,natal,20,BR,6/13/18 7:00 PM,51,-5.81,-35.21,84.2,16.11
474,salalah,90,OM,6/13/18 5:50 PM,89,17.01,54.1,84.2,8.05
475,khandyga,48,RU,6/13/18 6:52 PM,58,62.65,135.58,50.65,3.71
476,moscow,0,RU,6/13/18 6:00 PM,72,55.75,37.62,59,8.95
477,belyy yar,0,RU,6/13/18 6:30 PM,82,53.6,91.39,62.6,1.7
478,poum,40,MK,6/13/18 6:30 PM,56,41.28,20.71,69.8,1.12
479,mullingar,75,IE,6/13/18 6:00 PM,87,53.53,-7.34,59,24.16
480,lagoa,0,PT,6/13/18 6:30 PM,73,37.14,-8.45,69.8,5.82
481,dubbo,90,AU,6/13/18 6:30 PM,81,-32.25,148.6,42.8,1.12
482,mahibadhoo,88,MV,6/13/18 6:59 PM,100,3.78,72.97,82.78,4.61
483,les cayes,32,HT,6/13/18 6:59 PM,91,18.19,-73.75,83.68,22.84
484,torbat-e jam,68,IR,6/13/18 6:59 PM,42,35.24,60.63,71.26,11.21
485,biryusinsk,8,RU,6/13/18 6:59 PM,81,55.96,97.82,62.44,3.71
486,calabozo,92,VE,6/13/18 6:59 PM,100,8.92,-67.43,74.23,9.86
487,sambava,88,MG,6/13/18 6:59 PM,100,-14.27,50.17,74.5,18.7
488,dalvik,20,SE,6/13/18 6:20 PM,87,57.79,14.13,60.8,4.7
489,cockburn town,56,TC,6/13/18 6:59 PM,95,21.46,-71.14,81.7,18.92
490,mexico,90,US,6/13/18 6:52 PM,42,44.56,-70.55,82.4,8.05
491,ust-kalmanka,12,RU,6/13/18 6:59 PM,61,52.12,83.31,64.78,8.63
492,alice springs,0,AU,6/13/18 6:30 PM,75,-23.7,133.88,41,4.7
493,borba,0,PT,6/13/18 6:00 PM,30,38.81,-7.46,86,9.17
494,prainha,48,BR,6/13/18 6:59 PM,64,-1.8,-53.48,88,2.71
495,berezovyy,80,RU,6/13/18 6:59 PM,96,51.67,135.7,44.35,2.26
496,broadstairs,0,GB,6/13/18 6:20 PM,55,51.36,1.44,62.6,17.22
497,lugovoy,44,RU,6/13/18 6:59 PM,55,59.72,65.88,56.95,7.18
498,agadez,0,NE,6/13/18 6:00 PM,15,16.97,7.99,107.6,6.93
499,cap malheureux,75,MU,6/13/18 6:00 PM,69,-19.98,57.61,75.2,16.11
500,zhangye,92,CN,6/13/18 6:59 PM,38,38.94,100.46,66.58,5.5
501,saint-francois,0,FR,6/13/18 6:30 PM,63,46.42,3.91,64.4,9.17
502,avera,90,US,6/13/18 6:36 PM,65,33.19,-82.53,86,3.36
503,praia da vitoria,40,PT,6/13/18 6:00 PM,83,38.73,-27.07,73.4,10.31
504,ancud,12,CL,6/13/18 6:52 PM,92,-41.87,-73.83,45.16,3.15
505,codrington,0,AU,6/13/18 6:52 PM,89,-28.95,153.24,51.64,3.83
506,kloulklubed,75,PW,6/13/18 5:51 PM,88,7.04,134.26,80.6,11.1
507,christchurch,92,NZ,6/13/18 6:30 PM,93,-43.53,172.64,48.2,9.17
508,mogadishu,24,SO,6/13/18 6:58 PM,99,2.04,45.34,79.9,22.84
509,kamariotissa,20,GR,6/13/18 6:20 PM,50,40.48,25.47,78.8,2.24
510,kargopol,0,RU,6/13/18 6:59 PM,47,61.51,38.95,48.4,11.77
511,aguimes,20,ES,6/13/18 6:30 PM,64,27.91,-15.45,69.8,29.97
512,coldingham,88,GB,6/13/18 5:50 PM,77,55.89,-2.16,60.8,8.05
513,sandakan,75,MY,6/13/18 6:00 PM,88,5.84,118.12,80.6,3.36
514,bloemfontein,0,ZA,6/13/18 6:00 PM,65,-29.12,26.22,44.6,6.85
515,uddevalla,0,SE,6/13/18 6:20 PM,49,58.35,11.94,69.8,10.29
516,ipixuna,40,BR,6/13/18 7:00 PM,49,-1.76,-48.8,89.6,8.05
517,green river,1,US,6/13/18 5:54 PM,13,41.53,-109.47,78.8,4.27
518,ngemplak,12,ID,6/13/18 6:59 PM,97,-7.64,109.98,74.41,8.75
519,meulaboh,76,ID,6/13/18 6:59 PM,100,4.14,96.13,81.25,0.81
520,camopi,76,GF,6/13/18 6:59 PM,68,3.17,-52.33,84.94,2.93
521,hays,75,US,6/13/18 5:56 PM,82,38.88,-99.33,69.8,18.34
522,kieta,80,PG,6/13/18 6:59 PM,100,-6.22,155.63,77.29,3.49
523,oudtshoorn,0,ZA,6/13/18 6:40 PM,16,-33.59,22.2,78.8,16.11
524,alice town,92,BS,6/13/18 6:59 PM,100,25.72,-79.3,79.9,8.97
525,naryan-mar,44,RU,6/13/18 6:59 PM,93,67.67,53.09,47.5,4.16
526,buenaventura,80,CO,6/13/18 6:59 PM,94,3.89,-77.07,76.75,3.15
527,vypolzovo,80,RU,6/13/18 6:59 PM,64,54.52,40.18,65.86,6.73
528,ayagoz,32,KZ,6/13/18 6:52 PM,91,47.96,80.43,57.76,10.42
529,taikang,12,CN,6/13/18 6:59 PM,88,46.86,124.44,59.11,7.85
530,saldanha,20,PT,6/13/18 6:51 PM,45,41.42,-6.55,75.49,4.94
531,lakes entrance,0,AU,6/13/18 6:59 PM,87,-37.88,147.99,51.82,9.64
532,atambua,44,ID,6/13/18 6:59 PM,100,-9.11,124.89,74.5,5.95
533,sao filipe,0,CV,6/13/18 6:59 PM,89,14.9,-24.5,75.49,12.33
534,la baneza,20,ES,6/13/18 6:00 PM,48,42.3,-5.9,64.4,10.29
535,digha,88,IN,6/13/18 6:59 PM,97,21.62,87.51,85.48,10.65
536,kirando,0,TZ,6/13/18 6:59 PM,100,-7.37,30.62,71.98,2.82
537,ust-tsilma,48,RU,6/13/18 6:53 PM,85,65.44,52.15,51.46,4.61
538,xichang,100,CN,6/13/18 6:59 PM,100,27.88,102.25,55.87,1.81
539,oistins,75,BB,6/13/18 6:00 PM,74,13.07,-59.53,84.2,23.04
540,thinadhoo,32,MV,6/13/18 6:59 PM,100,0.53,72.93,84.13,5.5
541,wiwili,68,NI,6/13/18 6:59 PM,75,13.63,-85.83,79.81,3.15
542,nehe,80,CN,6/13/18 6:59 PM,90,48.48,124.88,60.91,8.08
543,kilindoni,8,TZ,6/13/18 6:59 PM,93,-7.91,39.67,79.45,17.58
544,santiago del estero,0,AR,6/13/18 6:52 PM,44,-27.8,-64.26,56.05,6.4
545,kahului,20,US,6/13/18 5:56 PM,74,20.89,-156.47,78.8,14.99
546,karpathos,0,GR,6/13/18 6:20 PM,88,35.51,27.21,73.4,17.22
547,jalu,0,LY,6/13/18 6:59 PM,15,29.03,21.55,93.67,9.42
548,kamaishi,0,JP,6/13/18 6:52 PM,78,39.28,141.86,52.81,11.43
549,hami,80,CN,6/13/18 6:53 PM,25,42.84,93.51,81.88,12.77
550,fairbanks,90,US,6/13/18 5:58 PM,66,64.84,-147.72,55.4,4.38
551,tatvan,80,TR,6/13/18 6:59 PM,42,38.5,42.28,63.52,2.15
552,winnemucca,1,US,6/13/18 5:56 PM,15,40.97,-117.74,87.8,6.93
553,coahuayana,64,MX,6/13/18 6:59 PM,66,18.62,-100.35,77.92,2.82
554,harbour breton,8,CA,6/13/18 6:59 PM,91,47.48,-55.8,46.15,23.4
